"method","cluster","n_cells","mixing","top_patient"
"Harmony","0",8036,0.88425580178853,"SJ47"
"Harmony","1",6560,0.842656172668886,"SJ47"
"Harmony","2",6379,0.781621390366217,"SJ47"
"Harmony","3",3764,0.665881344217246,"SJ47"
"Harmony","4",3552,0.811932793086375,"SJ47"
"Harmony","5",2786,0.899641210618593,"P4"
"Harmony","6",2231,0.761606020432072,"SJ47"
"Harmony","7",2004,0.861552940450887,"SJ47"
"Harmony","8",1702,0.827510896595663,"P4"
"Harmony","9",1422,0.885264022203574,"SJ47"
"Harmony","10",1399,0.885205352109742,"P3"
"Harmony","11",1331,0.83557454966439,"P3"
"Harmony","12",1019,0.871051355171443,"P4"
"CCA","0",8918,0.836218038861646,"SJ47"
"CCA","1",7673,0.80500540984954,"SJ47"
"CCA","2",4535,0.917788007163397,"SJ47"
"CCA","3",3873,0.710772911646383,"SJ47"
"CCA","4",3352,0.924606428514333,"SJ47"
"CCA","5",3089,0.774401533067278,"SJ47"
"CCA","6",2275,0.927444844738322,"SJ47"
"CCA","7",2047,0.778970541851132,"SJ47"
"CCA","8",1934,0.868599145619206,"SJ47"
"CCA","9",1586,0.843091475425983,"P3"
"CCA","10",1535,0.85301715185366,"P4"
"CCA","11",1368,0.900486670022001,"P3"
