"p_val","avg_log2FC","pct.1","pct.2","p_val_adj","cluster","gene","delta_pct","Cell_state"
0,1.27088412149569,0.671,0.367,0,"1","TSPAN10",0.304,"Melanocytic cell state (Wouters); MITFtargets (Rambow); Patient_specific_B (Karras); Melanocytic (Tsoi); Patient_specific_B (Pozniak); Proliferative (Verfaillie)"
0,2.99672978925034,0.769,0.242,0,"3","GBP1",0.527,"Intermediate cell state (Wouters); Mesenchymal-like cell state (Wouters); Antigen_presentation (Karras); Antigen_presentation (Pozniak); Invasive (Verfaillie)"
0,2.93342370414166,0.653,0.136,0,"3","XAF1",0.517,"Intermediate cell state (Wouters); Neural_Crest_like (Karras); Interferon_alpha_beta_response (Karras); Antigen_presentation (Karras); Neural_Crest_like (Pozniak); Interferon_alpha_beta_response (Pozniak); Antigen_presentation (Pozniak); Invasive (Verfaillie); IFN response (AM)"
0,3.03841996508358,0.527,0.091,0,"3","IFI44L",0.436,"Intermediate cell state (Wouters); Neural_Crest_like (Karras); Interferon_alpha_beta_response (Karras); Antigen_presentation (Karras); Mitotic (Karras); Stress (p53 response) (Karras); Neural_Crest_like (Pozniak); Interferon_alpha_beta_response (Pozniak); Antigen_presentation (Pozniak); Mitotic (Pozniak); Stress (p53 response) (Pozniak); Invasive (Verfaillie); IFN response (AM)"
0,2.892819144468,0.628,0.177,0,"3","IFIT3",0.451,"Intermediate cell state (Wouters); Immune (Rambow); Interferon_alpha_beta_response (Karras); Antigen_presentation (Karras); Interferon_alpha_beta_response (Pozniak); Antigen_presentation (Pozniak)"
0,3.01108541905335,0.882,0.454,0,"3","PLAAT4",0.428,NA
0,3.02470648671618,0.521,0.099,0,"3","IL18BP",0.422,"Antigen_presentation (Karras); Antigen_presentation (Pozniak)"
0,2.6839193504438,0.514,0.115,0,"3","APOL1",0.399,"Intermediate cell state (Wouters); Antigen_presentation (Karras); Antigen_presentation (Pozniak)"
0,2.32022698763951,0.657,0.242,0,"3","ISG15",0.415,"Intermediate cell state (Wouters); Immune (Rambow); Interferon_alpha_beta_response (Karras); Antigen_presentation (Karras); Mitotic (Karras); Interferon_alpha_beta_response (Pozniak); Antigen_presentation (Pozniak); Mitotic (Pozniak); Invasive (Verfaillie); IFN response (AM)"
0,2.08743331431068,0.68,0.241,0,"3","APOL6",0.439,"Antigen_presentation (Karras); Antigen_presentation (Pozniak); IFN response (AM)"
0,2.06656257669627,0.833,0.405,0,"3","HLA-F",0.428,"Immune (Rambow); Antigen_presentation (Karras); Antigen_presentation (Pozniak); Antigen presentation (AM)"
0,4.10174840849729,0.518,0.216,0,"4","IGFBP3",0.302,"Mesenchymal-like cell state (Wouters); Neural_Crest_like (Karras); Neural_Crest_like (Pozniak); Invasive (Verfaillie)"
0,2.4687765249767,0.619,0.228,0,"4","TNFRSF12A",0.391,"Neural_Crest_like (Karras); Mesenchymal_like (Karras); Undifferentiated-Neural crest-like (Tsoi); Neural_Crest_like (Pozniak); Mesenchymal_like (Pozniak)"
0,2.88461806081912,0.645,0.329,0,"4","TMEM158",0.316,"Mesenchymal-like cell state (Wouters); Invasive (Verfaillie); Antigen presentation (AM)"
0,2.0469609032148,0.557,0.226,0,"4","ITGA3",0.331,"Mesenchymal-like cell state (Wouters); Neural_Crest_like (Karras); Patient_specific_B (Karras); Undifferentiated-Neural crest-like (Tsoi); Neural_Crest_like (Pozniak); Patient_specific_B (Pozniak); Antigen presentation (AM)"
0,1.75117519628115,0.623,0.319,0,"4","S100A16",0.304,"Intermediate cell state (Wouters); Neural_Crest_like (Karras); Patient_specific_B (Karras); Patient_specific_A (Karras); Neural_Crest_like (Pozniak); Patient_specific_B (Pozniak); Patient_specific_A (Pozniak); Invasive (Verfaillie)"
0,1.55325596197344,0.742,0.441,0,"4","PHLDA2",0.301,"Neural_Crest_like (Karras); Mitotic (Karras); Neural crest-like (Tsoi); Neural_Crest_like (Pozniak); Mitotic (Pozniak)"
0,3.26534344946628,0.927,0.364,0,"5","VEGFA",0.563,"Mesenchymal-like cell state (Wouters); Invasion (Rambow); Neural_Crest_like (Karras); Stress (hypoxia response) (Karras); Neural_Crest_like (Pozniak); Stress (hypoxia response) (Pozniak); Invasive (Verfaillie)"
0,2.86647466218569,0.813,0.255,0,"5","FLNB",0.558,"Mesenchymal-like cell state (Wouters); Neural_Crest_like (Karras); Stress (hypoxia response) (Karras); Undifferentiated-Neural crest-like (Tsoi); Neural_Crest_like (Pozniak); Stress (hypoxia response) (Pozniak); Invasive (Verfaillie)"
0,2.92616177114881,0.806,0.273,0,"5","SLC2A1",0.533,"Mesenchymal-like cell state (Wouters); Stress (hypoxia response) (Karras); Undifferentiated-Neural crest-like (Tsoi); Stress (hypoxia response) (Pozniak)"
0,3.23033767675254,0.615,0.214,0,"5","HILPDA",0.401,"Stress (hypoxia response) (Karras); Stress (hypoxia response) (Pozniak)"
0,3.03381768370982,0.72,0.312,0,"5","NRN1",0.408,"Stress (hypoxia response) (Karras); Stress (hypoxia response) (Pozniak)"
0,2.87866831225835,0.676,0.264,0,"5","ANKRD37",0.412,"Stress (hypoxia response) (Karras); Stress (hypoxia response) (Pozniak)"
0,2.85337031158614,0.709,0.36,0,"5","IGFBP5",0.349,"Mesenchymal-like cell state (Wouters); Invasion (Rambow); Neural_Crest_like (Karras); Stress (hypoxia response) (Karras); Neural_Crest_like (Pozniak); Stress (hypoxia response) (Pozniak); EMT (AM)"
0,2.28252859356159,0.621,0.207,0,"5","ADM",0.414,"Invasion (Rambow); Stress (hypoxia response) (Karras); Stress (hypoxia response) (Pozniak)"
0,2.82973067449161,0.74,0.429,0,"5","MIR3681HG",0.311,NA
0,2.2609912255509,0.689,0.328,0,"5","ENO2",0.361,"Stress (hypoxia response) (Karras); Stress (hypoxia response) (Pozniak)"
0,2.13539890899041,0.701,0.346,0,"6","ENSG00000289405",0.355,NA
0,2.64472534221513,0.77,0.432,0,"7","CCN1",0.338,"Antigen presentation (AM)"
4.6483893748804e-251,1.64614155163776,0.701,0.39,1.24442031954923e-246,"7","VEGFA",0.311,"Mesenchymal-like cell state (Wouters); Invasion (Rambow); Neural_Crest_like (Karras); Stress (hypoxia response) (Karras); Neural_Crest_like (Pozniak); Stress (hypoxia response) (Pozniak); Invasive (Verfaillie)"
0,5.11026859313417,0.817,0.055,0,"8","PCLAF",0.762,"Mitotic (Karras); Patient_specific_A (Karras); Mitotic (Pozniak); Patient_specific_A (Pozniak); Cycling (AM)"
0,5.19798904665646,0.765,0.04,0,"8","CLSPN",0.725,"Mitotic (Karras); Mitotic (Pozniak); Cycling (AM)"
0,5.03224356557871,0.755,0.04,0,"8","DTL",0.715,"Mitotic (Karras); Patient_specific_A (Karras); Mitotic (Pozniak); Patient_specific_A (Pozniak)"
0,5.40761994968625,0.692,0.028,0,"8","PKMYT1",0.664,"Mitotic (Karras); Mitotic (Pozniak)"
0,4.46037030764002,0.93,0.136,0,"8","TYMS",0.794,"Hypometabolic (Rambow); Mitotic (Karras); Mitotic (Pozniak); Cycling (AM)"
0,5.33109400430299,0.686,0.025,0,"8","CDC45",0.661,"Mitotic (Karras); Mitotic (Pozniak)"
0,5.84710065491365,0.628,0.031,0,"8","RRM2",0.597,"Mitotic (Karras); Mitotic (Pozniak); Cycling (AM)"
0,4.80506493806083,0.732,0.043,0,"8","CDC6",0.689,"Mitotic (Karras); Mitotic (Pozniak)"
0,5.7010265708163,0.589,0.02,0,"8","MYBL2",0.569,"mitosis (Rambow); Mitotic (Karras); Patient_specific_A (Karras); Mitotic (Pozniak); Patient_specific_A (Pozniak)"
0,4.66517320732567,0.74,0.062,0,"8","TK1",0.678,"Hypometabolic (Rambow); Mitotic (Karras); Patient_specific_A (Karras); Mitotic (Pozniak); Patient_specific_A (Pozniak); Cycling (AM)"
0,3.23103257569638,0.913,0.375,0,"9","CD74",0.538,"Antigen_presentation (Karras); Antigen_presentation (Pozniak); Antigen presentation (AM); IFN response (AM)"
0,3.58684703345541,0.569,0.15,0,"9","HLA-DRA",0.419,"Intermediate cell state (Wouters); Mesenchymal-like cell state (Wouters); Antigen_presentation (Karras); Antigen_presentation (Pozniak); Antigen presentation (AM)"
0,3.4237088664573,0.544,0.134,0,"9","HLA-DRB1",0.41,"Intermediate cell state (Wouters); Mesenchymal-like cell state (Wouters); Antigen_presentation (Karras); Antigen_presentation (Pozniak); Antigen presentation (AM)"
0,2.68959673778372,0.634,0.254,0,"9","HLA-DPB1",0.38,"Mesenchymal-like cell state (Wouters); Antigen_presentation (Karras); Antigen_presentation (Pozniak); Antigen presentation (AM)"
0,1.49980367838308,0.895,0.49,0,"9","TMSB4X",0.405,"Mesenchymal-like cell state (Wouters); Invasion (Rambow); Mesenchymal_like (Karras); Patient_specific_A (Karras); Mesenchymal_like (Pozniak); Patient_specific_A (Pozniak); EMT (AM)"
0,1.5112206025281,0.54,0.16,0,"9","FCER1G",0.38,"Melanocytic cell state (Wouters); Patient_specific_A (Karras); Transitory-Melanocytic (Tsoi); Patient_specific_A (Pozniak)"
3.02006024491058e-222,1.43106952609531,0.735,0.369,8.08500328165011e-218,"9","CELF2",0.366,"Melanocytic cell state (Wouters); Interferon_alpha_beta_response (Karras); Transitory-Melanocytic (Tsoi); Interferon_alpha_beta_response (Pozniak); Proliferative (Verfaillie); Melanocytic (AM)"
1.09120559186958e-184,1.01019237700177,0.65,0.303,2.92126648999407e-180,"9","KLF2",0.347,"Mesenchymal-like cell state (Wouters); Antigen presentation (AM); Stressed (HSP) (AM)"
1.72282204127683e-156,0.670751724066618,0.875,0.55,4.6121668867022e-152,"9","ANXA1",0.325,"Mesenchymal-like cell state (Wouters); Neuro (Rambow); Neural_Crest_like (Karras); Interferon_alpha_beta_response (Karras); Mesenchymal_like (Karras); Antigen_presentation (Karras); Undifferentiated-Neural crest-like (Tsoi); Neural_Crest_like (Pozniak); Interferon_alpha_beta_response (Pozniak); Mesenchymal_like (Pozniak); Antigen_presentation (Pozniak); EMT (AM); Antigen presentation (AM); Stressed (HSP) (AM)"
1.22965823314933e-104,0.64551942620072,0.6,0.298,3.29191805596408e-100,"9","KRT18",0.302,"Intermediate cell state (Wouters); Mesenchymal-like cell state (Wouters); Patient_specific_A (Karras); Undifferentiated (Tsoi); Patient_specific_A (Pozniak); Invasive (Verfaillie)"
0,4.47525817177326,0.687,0.101,0,"10","CXCL1",0.586,"Invasive (Verfaillie); IFN response (AM)"
0,4.90363970907448,0.589,0.082,0,"10","CXCL2",0.507,"Mesenchymal-like cell state (Wouters); Invasive (Verfaillie); IFN response (AM)"
0,4.02108285751884,0.735,0.139,0,"10","BIRC3",0.596,"Mesenchymal-like cell state (Wouters); Immune (Rambow); Antigen_presentation (Karras); Antigen_presentation (Pozniak); Invasive (Verfaillie)"
0,4.26591088361889,0.59,0.092,0,"10","CXCL8",0.498,"Neural crest-like (Tsoi); IFN response (AM)"
0,3.81139416952051,0.915,0.535,0,"10","SOD2",0.38,"Antigen_presentation (Karras); Antigen_presentation (Pozniak); IFN response (AM)"
0,2.76003984518911,0.929,0.451,0,"10","NFKBIA",0.478,"Mesenchymal-like cell state (Wouters); Antigen_presentation (Karras); Antigen_presentation (Pozniak); Invasive (Verfaillie); IFN response (AM); Stressed (Hypoxia) (AM)"
0,2.92981228971295,0.532,0.174,0,"10","CD83",0.358,"Mitotic (Karras); Mitotic (Pozniak)"
0,2.67577186650157,0.552,0.161,0,"10","DRAM1",0.391,"Mesenchymal-like cell state (Wouters)"
0,2.43279426138798,0.583,0.169,0,"10","NFKB2",0.414,NA
2.25689187020281e-320,2.52797772801182,0.758,0.387,6.04192522571995e-316,"10","IRF1",0.371,"Mesenchymal-like cell state (Wouters); Antigen_presentation (Karras); Antigen_presentation (Pozniak); Invasive (Verfaillie); IFN response (AM)"
0,6.13374678166835,0.811,0.044,0,"11","CDC20",0.767,"mitosis (Rambow); Mitotic (Karras); Mitotic (Pozniak)"
0,6.46293089978818,0.708,0.021,0,"11","PLK1",0.687,"mitosis (Rambow); Mitotic (Karras); Mitotic (Pozniak)"
0,5.16021895162454,0.917,0.061,0,"11","BIRC5",0.856,"mitosis (Rambow); Mitotic (Karras); Mitotic (Pozniak); Cycling (AM)"
0,5.57540847350212,0.827,0.066,0,"11","ASPM",0.761,"Mitotic (Karras); Patient_specific_A (Karras); Mitotic (Pozniak); Patient_specific_A (Pozniak); Cycling (AM)"
0,5.35012413060022,0.851,0.067,0,"11","CENPE",0.784,"mitosis (Rambow); Mitotic (Karras); Mitotic (Pozniak); Cycling (AM)"
0,5.33646860284272,0.86,0.098,0,"11","CCNB1",0.762,"mitosis (Rambow); Mitotic (Karras); Patient_specific_A (Karras); Mitotic (Pozniak); Patient_specific_A (Pozniak); Cycling (AM)"
0,5.23384594274294,0.83,0.066,0,"11","TOP2A",0.764,"mitosis (Rambow); Mitotic (Karras); Mitotic (Pozniak); Cycling (AM)"
0,5.20598837682355,0.808,0.056,0,"11","CCNB2",0.752,"mitosis (Rambow); Mitotic (Karras); Mitotic (Pozniak); Cycling (AM)"
0,6.21225404060136,0.643,0.015,0,"11","KIF20A",0.628,NA
0,5.08072551656718,0.798,0.046,0,"11","GTSE1",0.752,"Mitotic (Karras); Patient_specific_A (Karras); Mitotic (Pozniak); Patient_specific_A (Pozniak); Cycling (AM)"
